<?xml version="1.0" encoding="UTF-8" standalone="no" ?>
<multimarker markers="16">
    <marker index="20" status="1">
        <corner x="0" y="0" z="0" />
        <corner x="4.5" y="-4.5" z="0" />
        <corner x="4.5" y="4.5" z="0" />
        <corner x="-4.5" y="4.5" z="0" />
    </marker>
    <marker index="21" status="1">
        <corner x="72" y="0" z="0" />
        <corner x="76.5" y="-4.5" z="0" />
        <corner x="76.5" y="4.5" z="0" />
        <corner x="67.5" y="4.5" z="0" />
    </marker>
    <marker index="22" status="1">
        <corner x="72" y="-18" z="0" />
        <corner x="76.5" y="-22.5" z="0" />
        <corner x="76.5" y="-13.5" z="0" />
        <corner x="67.5" y="-13.5" z="0" />
    </marker>
    <marker index="23" status="1">
        <corner x="72" y="-36" z="0" />
        <corner x="76.5" y="-40.5" z="0" />
        <corner x="76.5" y="-31.5" z="0" />
        <corner x="67.5" y="-31.5" z="0" />
    </marker>
    <marker index="24" status="1">
        <corner x="72" y="-54" z="0" />
        <corner x="76.5" y="-58.5" z="0" />
        <corner x="76.5" y="-49.5" z="0" />
        <corner x="67.5" y="-49.5" z="0" />
    </marker>
    <marker index="25" status="1">
        <corner x="72" y="-72" z="0" />
        <corner x="76.5" y="-76.5" z="0" />
        <corner x="76.5" y="-67.5" z="0" />
        <corner x="67.5" y="-67.5" z="0" />
    </marker>
    <marker index="26" status="1">
        <corner x="54" y="-72" z="0" />
        <corner x="58.5" y="-76.5" z="0" />
        <corner x="58.5" y="-67.5" z="0" />
        <corner x="49.5" y="-67.5" z="0" />
    </marker>
    <marker index="27" status="1">
        <corner x="36" y="-72" z="0" />
        <corner x="40.5" y="-76.5" z="0" />
        <corner x="40.5" y="-67.5" z="0" />
        <corner x="31.5" y="-67.5" z="0" />
    </marker>
    <marker index="28" status="1">
        <corner x="18" y="-72" z="0" />
        <corner x="22.5" y="-76.5" z="0" />
        <corner x="22.5" y="-67.5" z="0" />
        <corner x="13.5" y="-67.5" z="0" />
    </marker>
    <marker index="29" status="1">
        <corner x="0" y="-72" z="0" />
        <corner x="4.5" y="-76.5" z="0" />
        <corner x="4.5" y="-67.5" z="0" />
        <corner x="-4.5" y="-67.5" z="0" />
    </marker>
    <marker index="30" status="1">
        <corner x="90" y="0" z="0" />
        <corner x="94.5" y="-4.5" z="0" />
        <corner x="94.5" y="4.5" z="0" />
        <corner x="85.5" y="4.5" z="0" />
    </marker>
    <marker index="31" status="1">
        <corner x="90" y="-18" z="0" />
        <corner x="94.5" y="-22.5" z="0" />
        <corner x="94.5" y="-13.5" z="0" />
        <corner x="85.5" y="-13.5" z="0" />
    </marker>
    <marker index="32" status="1">
        <corner x="90" y="-36" z="0" />
        <corner x="94.5" y="-40.5" z="0" />
        <corner x="94.5" y="-31.5" z="0" />
        <corner x="85.5" y="-31.5" z="0" />
    </marker>
    <marker index="33" status="1">
        <corner x="90" y="-54" z="0" />
        <corner x="94.5" y="-58.5" z="0" />
        <corner x="94.5" y="-49.5" z="0" />
        <corner x="85.5" y="-49.5" z="0" />
    </marker>
    <marker index="34" status="1">
        <corner x="90" y="-72" z="0" />
        <corner x="94.5" y="-76.5" z="0" />
        <corner x="94.5" y="-67.5" z="0" />
        <corner x="85.5" y="-67.5" z="0" />
    </marker>
    <marker index="35" status="1">
        <corner x="90" y="-90" z="0" />
        <corner x="94.5" y="-94.5" z="0" />
        <corner x="94.5" y="-85.5" z="0" />
        <corner x="85.5" y="-85.5" z="0" />
    </marker>
</multimarker>
